,Genre
0,Mystery
1,Thriller
2,Fiction
3,Thriller
4,Mystery Thriller
5,Nonfiction
6,Health
7,Medicine
8,Medical
9,Science
10,Health
11,Autobiography
12,Memoir
13,Mystery
14,Classics
15,Fiction
16,Mystery
17,Crime
18,Thriller
19,Thriller
20,Mystery Thriller
21,Audiobook
22,Adult
23,Suspense
24,Novels
25,Mystery
26,Fiction
27,Classics
28,Mystery
29,Crime
30,Thriller
31,Mystery Thriller
32,Historical
33,Historical Fiction
34,Fantasy
35,Fiction
36,Fantasy
37,Mythology
38,LGBT
39,Romance
40,Science Fiction
41,Fiction
42,Thriller
43,Science Fiction
44,Time Travel
45,Science Fiction
46,Fiction
47,Horror
48,Fantasy
49,Mystery
50,Classics
51,Fiction
52,Mystery
53,Crime
54,Thriller
55,Mystery Thriller
56,Audiobook
57,Mystery
58,Detective
59,Thriller
60,Adult
61,European Literature
62,British Literature
63,Mystery
64,Fiction
65,Science Fiction
66,Fiction
67,Horror
68,Fantasy
69,Fiction
70,Historical
71,Historical Fiction
72,Contemporary
73,Classics
74,Novels
75,Historical
76,Literature
77,Adult
78,Adult Fiction
79,Drama
80,Fiction
81,Classics
82,Contemporary
83,Literature
84,History
85,Nonfiction
86,Politics
87,Cultural
88,Iran
89,Religion
90,Religion
91,Islam
92,Science Fiction
93,Fiction
94,Audiobook
95,Adventure
96,Space
97,Adult
98,Science Fiction Fantasy
99,Thriller
100,Humor
101,Adventure
102,Survival
103,Science Fiction
104,Fiction
105,Horror
106,Fantasy
107,Nonfiction
108,Science
109,Race
110,History
111,Politics
112,Sociology
113,Historical
114,Historical Fiction
115,Fiction
116,Historical
117,War
118,War
119,World War II
120,Adult
121,Audiobook
122,Cultural
123,France
124,Book Club
125,Adult Fiction
126,Fiction
127,Historical
128,Historical Fiction
129,Mystery
130,Audiobook
131,Adult
132,Book Club
133,Adult Fiction
134,Romance
135,Historical
136,Young Adult
137,Coming Of Age
138,Classics
139,Fiction
140,Historical
141,Historical Fiction
142,Literature
143,Classics
144,Fiction
145,Classics
146,Fiction
147,Literature
148,Cultural
149,Russia
150,Literature
151,Literature
152,Russian Literature
153,Classics
154,Fiction
155,Academic
156,School
157,Literature
158,Historical
159,Historical Fiction
160,Classics
161,Fiction
162,Fiction
163,Historical
164,Historical Fiction
165,Contemporary
166,Novels
167,Historical
168,War
169,Adult Fiction
170,Adult
171,Drama
172,Literature
173,Fiction
174,Mystery
175,Thriller
176,Fiction
177,Classics
178,Science Fiction
179,Dystopia
180,Science Fiction
181,Feminism
182,Fantasy
183,Young Adult
184,Fiction
185,Fantasy
186,Young Adult
187,Fiction
188,Fantasy
189,Magic
190,Childrens
191,Adventure
192,Audiobook
193,Childrens
194,Middle Grade
195,Science Fiction Fantasy
196,Classics
197,Fantasy
198,Young Adult
199,Fiction
200,Young Adult
201,Science Fiction
202,Dystopia
203,Fiction
204,Fantasy
205,Science Fiction
206,Romance
207,Adventure
208,Young Adult
209,Teen
210,Apocalyptic
211,Post Apocalyptic
212,Action
213,Young Adult
214,Science Fiction
215,Dystopia
216,Fiction
217,Fantasy
218,Science Fiction
219,Fantasy
220,Young Adult
221,Fantasy
222,Mythology
223,Fiction
224,Childrens
225,Middle Grade
226,Adventure
227,Childrens
228,Fantasy
229,Urban Fantasy
230,Mythology
231,Greek Mythology
232,Fantasy
233,Magic
234,Young Adult
235,Fiction
236,Classics
237,Science Fiction
238,Dystopia
239,Science Fiction
240,Fantasy
241,Academic
242,School
243,Childrens
244,Childrens
245,Middle Grade
246,Academic
247,Read For School
248,Classics
249,Fiction
250,Academic
251,School
252,Literature
253,Historical
254,Historical Fiction
255,Romance
256,Novels
257,Academic
258,Read For School
259,Young Adult
260,High School
261,Literature
262,American
263,Classics
264,Fiction
265,Historical
266,Historical Fiction
267,Academic
268,School
